{
	"info": {
		"_postman_id": "795baa21-340f-43aa-938a-220f9adf5831",
		"name": "Problem Set 1",
		"schema": "https://schema.getpostman.com/json/collection/v2.1.0/collection.json",
		"_exporter_id": "25339635"
	},
	"item": [
		{
			"name": "login",
			"protocolProfileBehavior": {
				"disableBodyPruning": true,
				"disabledSystemHeaders": {}
			},
			"request": {
				"auth": {
					"type": "basic",
					"basic": [
						{
							"key": "password",
							"value": "test",
							"type": "string"
						},
						{
							"key": "username",
							"value": "test",
							"type": "string"
						}
					]
				},
				"method": "GET",
				"header": [],
				"body": {
					"mode": "raw",
					"raw": "",
					"options": {
						"raw": {
							"language": "json"
						}
					}
				},
				"url": {
					"raw": "http://localhost:9005/api/login",
					"protocol": "http",
					"host": [
						"localhost"
					],
					"port": "9005",
					"path": [
						"api",
						"login"
					]
				}
			},
			"response": []
		},
		{
			"name": "Posts",
			"request": {
				"method": "GET",
				"header": []
			},
			"response": []
		}
	]
}